language,direction_norm
en,16.487550735473633
fr,7.023281097412109
ar,7.471731662750244
hi,4.2413434982299805
sw,8.077654838562012
yo,7.732571601867676
tl,29.783950805664062
